{
    "auc_roc": 0.8740004398064851,
    "classification_report": {
        "0": {
            "precision": 0.9477611940298507,
            "recall": 0.6299603174603174,
            "f1-score": 0.7568533969010727,
            "support": 1008.0
        },
        "1": {
            "precision": 0.4925170068027211,
            "recall": 0.9118387909319899,
            "f1-score": 0.6395759717314488,
            "support": 397.0
        },
        "accuracy": 0.7096085409252669,
        "macro avg": {
            "precision": 0.7201391004162859,
            "recall": 0.7708995541961536,
            "f1-score": 0.6982146843162607,
            "support": 1405.0
        },
        "weighted avg": {
            "precision": 0.8191263596318646,
            "recall": 0.7096085409252669,
            "f1-score": 0.7237152205364173,
            "support": 1405.0
        }
    },
    "threshold": 0.3
}