{
    "auc_roc": 0.8577885981375181,
    "classification_report": {
        "0": {
            "precision": 0.9193181818181818,
            "recall": 0.76248821866164,
            "f1-score": 0.833590932509016,
            "support": 1061.0
        },
        "1": {
            "precision": 0.5190839694656488,
            "recall": 0.793002915451895,
            "f1-score": 0.6274509803921569,
            "support": 343.0
        },
        "accuracy": 0.76994301994302,
        "macro avg": {
            "precision": 0.7192010756419154,
            "recall": 0.7777455670567675,
            "f1-score": 0.7305209564505863,
            "support": 1404.0
        },
        "weighted avg": {
            "precision": 0.8215401655525701,
            "recall": 0.76994301994302,
            "f1-score": 0.7832305311015496,
            "support": 1404.0
        }
    },
    "threshold": 0.3
}