{
    "auc_roc": 0.8568598302388143,
    "classification_report": {
        "0": {
            "precision": 0.9593114241001565,
            "recall": 0.5777568331762488,
            "f1-score": 0.7211764705882353,
            "support": 1061.0
        },
        "1": {
            "precision": 0.4143790849673203,
            "recall": 0.924198250728863,
            "f1-score": 0.572202166064982,
            "support": 343.0
        },
        "accuracy": 0.6623931623931624,
        "macro avg": {
            "precision": 0.6868452545337383,
            "recall": 0.750977541952556,
            "f1-score": 0.6466893183266087,
            "support": 1404.0
        },
        "weighted avg": {
            "precision": 0.8261833668903539,
            "recall": 0.6623931623931624,
            "f1-score": 0.684781750893452,
            "support": 1404.0
        }
    },
    "threshold": 0.3
}